page	src	stem	widths	sizes	role
5a-haya-eo24/index.html	assets/img/352e1943-aseeb1-mxB2e831EbupNE0L.jpg	352e1943-aseeb1-mxB2e831EbupNE0L	480,960,1440,1920	100vw	lcp
5a-haya-eo24/index.html	assets/img/634407fe-aseeb2.jpg.840x605_q90_format-webp-4fnPEhBQ7qIpyhyG.jpg	634407fe-aseeb2.jpg.840x605_q90_format-webp-4fnPEhBQ7qIpyhyG	480,750	(max-width:600px) calc(100vw - 64px), (max-width:920px) 50vw, 384px	below
5a-haya-eo24/index.html	assets/img/e6849aa9-cover-Yle4aMP0xDtQE2M6.JPG	e6849aa9-cover-Yle4aMP0xDtQE2M6	480,960,1280	(max-width:600px) calc(100vw - 64px), (max-width:920px) 50vw, 384px	below
5a-haya-eo24/index.html	assets/img/db30f7c2-picture8-Awv8NPpQb5uy7k56.JPG	db30f7c2-picture8-Awv8NPpQb5uy7k56	480,960,1440,1920	(max-width:600px) calc(100vw - 64px), (max-width:920px) 50vw, 384px	below
about-contractor-kuwait/index.html	assets/img/v3/hero-about.jpg	hero-about	480,960,1440,1920	100vw	lcp
about-contractor-kuwait/index.html	assets/img/v3/about-engineering.jpg	about-engineering	480,960	(max-width:600px) calc(100vw - 64px), (max-width:920px) 50vw, 384px	below
about-contractor-kuwait/index.html	assets/img/00dfb8ce-media-center-banner-0S0r9j416gYMXeiI.png	00dfb8ce-media-center-banner-0S0r9j416gYMXeiI	480,960,1440	(max-width:600px) calc(100vw - 64px), (max-width:920px) 50vw, 384px	below
about-contractor-kuwait/index.html	assets/img/v3/about-procurement.jpg	about-procurement	480,960	(max-width:600px) calc(100vw - 64px), (max-width:920px) 50vw, 384px	below
about-contractor-kuwait/index.html	assets/img/a29374ce-screenshot-2025-10-20-at-2.42.57a-pm-A0xv6MnB44S5qy6O.png	a29374ce-screenshot-2025-10-20-at-2.42.57a-pm-A0xv6MnB44S5qy6O	480,960	(max-width:600px) calc(100vw - 64px), (max-width:920px) 50vw, 384px	below
building-construction-kuwait/index.html	assets/img/v3/blp/building-cover.jpg	building-cover	480,960,1440,1920	100vw	lcp
building-construction-kuwait/index.html	assets/img/v3/blp/building-band.jpg	building-band	480,960,1440,1920	(max-width:600px) calc(100vw - 64px), (max-width:920px) 50vw, 384px	below
building-construction-kuwait/index.html	assets/img/197fcc72-kipic-odtYZVmql3vtss3x.jpg	197fcc72-kipic-odtYZVmql3vtss3x	480,768	(max-width:600px) calc(100vw - 64px), (max-width:920px) 50vw, 384px	below
business-lines-construction-services-kuwait/index.html	assets/img/v3/hero-bizlines.jpg	hero-bizlines	480,960,1440,1920	100vw	lcp
business-lines-construction-services-kuwait/index.html	assets/img/v3/bl/roads.jpg	roads	480,960,1220	(max-width:600px) calc(100vw - 64px), (max-width:920px) 50vw, 384px	below
business-lines-construction-services-kuwait/index.html	assets/img/v3/bl/civil.jpg	civil	480,960,1220	(max-width:600px) calc(100vw - 64px), (max-width:920px) 50vw, 384px	below
business-lines-construction-services-kuwait/index.html	assets/img/v3/bl/oilgas.jpg	oilgas	480,680	(max-width:600px) calc(100vw - 64px), (max-width:920px) 50vw, 384px	below
business-lines-construction-services-kuwait/index.html	assets/img/v3/bl/water.jpg	water	480,680	(max-width:600px) calc(100vw - 64px), (max-width:920px) 50vw, 384px	below
business-lines-construction-services-kuwait/index.html	assets/img/v3/bl/electro.jpg	electro	480,680	(max-width:600px) calc(100vw - 64px), (max-width:920px) 50vw, 384px	below
business-lines-construction-services-kuwait/index.html	assets/img/v3/bl/tunnel.jpg	tunnel	480,680	(max-width:600px) calc(100vw - 64px), (max-width:920px) 50vw, 384px	below
c502015-infrastructure-works-for-the-commercial-berth-at-duqm-port-ip3-oman/index.html	assets/img/c98236de-c50-2015-cover-dZsizRULbSONi57t.webp	c98236de-c50-2015-cover-dZsizRULbSONi57t	480,960,1440,1920	100vw	lcp
c502015-infrastructure-works-for-the-commercial-berth-at-duqm-port-ip3-oman/index.html	assets/img/d77048a1-picture2-1-pKDxGNfmrARsgc0e.jpg	d77048a1-picture2-1-pKDxGNfmrARsgc0e	480,960,1440	(max-width:600px) calc(100vw - 64px), (max-width:920px) 50vw, 384px	below
c502015-infrastructure-works-for-the-commercial-berth-at-duqm-port-ip3-oman/index.html	assets/img/df36d52c-dsc05971-Aq2GPNQ7nqFNyL9x.JPG	df36d52c-dsc05971-Aq2GPNQ7nqFNyL9x	480,960,1440	(max-width:600px) calc(100vw - 64px), (max-width:920px) 50vw, 384px	below
c502015-infrastructure-works-for-the-commercial-berth-at-duqm-port-ip3-oman/index.html	assets/img/2248071b-dsc05915-2-YyvD125bp4TMVPkO.JPG	2248071b-dsc05915-2-YyvD125bp4TMVPkO	480,960,1440	(max-width:600px) calc(100vw - 64px), (max-width:920px) 50vw, 384px	below
c502015-infrastructure-works-for-the-commercial-berth-at-duqm-port-ip3-oman/index.html	assets/img/fd2f72f2-duqm.webp.840x605_q90_format-webp-jlEQwwBGVk6DCj0f.jpg	fd2f72f2-duqm.webp.840x605_q90_format-webp-jlEQwwBGVk6DCj0f	480,840	(max-width:600px) calc(100vw - 64px), (max-width:920px) 50vw, 384px	below
c502015-infrastructure-works-for-the-commercial-berth-at-duqm-port-ip3-oman/index.html	assets/img/1941fdf0-topic437099-U5TOcm4Wx3c1l0mw.png	1941fdf0-topic437099-U5TOcm4Wx3c1l0mw	395	(max-width:600px) calc(100vw - 64px), (max-width:920px) 50vw, 384px	below
c502015-infrastructure-works-for-the-commercial-berth-at-duqm-port-ip3-oman/index.html	assets/img/57c2d173-cover-AzGMBZ95W8tqw0VQ.JPG	57c2d173-cover-AzGMBZ95W8tqw0VQ	480,960,1440	(max-width:600px) calc(100vw - 64px), (max-width:920px) 50vw, 384px	below
c502015-infrastructure-works-for-the-commercial-berth-at-duqm-port-ip3-oman/index.html	assets/img/ff772a7e-60-mnl4x5okE6sxOWwl.png	ff772a7e-60-mnl4x5okE6sxOWwl	480,960,1440	(max-width:600px) calc(100vw - 64px), (max-width:920px) 50vw, 384px	below
c502015-infrastructure-works-for-the-commercial-berth-at-duqm-port-ip3-oman/index.html	assets/img/1405fbe2-36081_15_xf61cvc.jpg.840x605_q90_format-webp-7S3GmvRjythHG9Zm.jpg	1405fbe2-36081_15_xf61cvc.jpg.840x605_q90_format-webp-7S3GmvRjythHG9Zm	480,840	(max-width:600px) calc(100vw - 64px), (max-width:920px) 50vw, 384px	below
careers/index.html	assets/img/stock-ae9ad74c-photo-1541888946425-d81bb19240f5.jpg	stock-ae9ad74c-photo-1541888946425-d81bb19240f5	480,960,1440,1920	100vw	lcp
civil-infrastructure-kuwait/index.html	assets/img/v3/blp/civil-cover.jpg	civil-cover	480,960,1440,1920	100vw	lcp
civil-infrastructure-kuwait/index.html	assets/img/v3/blp/civil-band.jpg	civil-band	480,960,1440	(max-width:600px) calc(100vw - 64px), (max-width:920px) 50vw, 384px	below
civil-infrastructure-kuwait/index.html	assets/img/197fcc72-kipic-odtYZVmql3vtss3x.jpg	197fcc72-kipic-odtYZVmql3vtss3x	480,768	(max-width:600px) calc(100vw - 64px), (max-width:920px) 50vw, 384px	below
contact-us/index.html	assets/img/v3/hero-contact.jpg	hero-contact	480,960,1440,1920	100vw	lcp
credentials/index.html	assets/img/v3/hero-credentials.jpg	hero-credentials	480,960,1440,1920	100vw	lcp
csr/index.html	assets/img/v3/hero-csr.jpg	hero-csr	480,960,1440,1920	100vw	lcp
electro-mechanical-contractor-kuwait/index.html	assets/img/v3/blp/electro-cover.jpg	electro-cover	480,960,1440,1920	100vw	lcp
electro-mechanical-contractor-kuwait/index.html	assets/img/v3/blp/electro-band.jpg	electro-band	480,960	(max-width:600px) calc(100vw - 64px), (max-width:920px) 50vw, 384px	below
equipment/index.html	assets/img/v3/hero-equipment.jpg	hero-equipment	480,960,1440,1920	100vw	lcp
equipment/index.html	assets/img/f52f4a4b-bannerslide1-kxomI3O2BG0kODWb.jpg	f52f4a4b-bannerslide1-kxomI3O2BG0kODWb	480,768	(max-width:600px) calc(100vw - 64px), (max-width:920px) 50vw, 384px	below
equipment/index.html	assets/img/b0f172f8-bannerslide2-pOxpZ0UwQkf7zgmB.jpg	b0f172f8-bannerslide2-pOxpZ0UwQkf7zgmB	480,768	(max-width:600px) calc(100vw - 64px), (max-width:920px) 50vw, 384px	below
equipment/index.html	assets/img/ea330e3d-bannerslide4-QRaqZAbHjDkEH2qY.jpg	ea330e3d-bannerslide4-QRaqZAbHjDkEH2qY	480,768	(max-width:600px) calc(100vw - 64px), (max-width:920px) 50vw, 384px	below
equipment/index.html	assets/img/f995e6ee-bannerslide5-lYx2kDYILzvtu06m.jpg	f995e6ee-bannerslide5-lYx2kDYILzvtu06m	480,768	(max-width:600px) calc(100vw - 64px), (max-width:920px) 50vw, 384px	below
equipment/index.html	assets/img/38013849-bannerslide7-bnn8lIXgg9jkfpdW.jpg	38013849-bannerslide7-bnn8lIXgg9jkfpdW	480,768	(max-width:600px) calc(100vw - 64px), (max-width:920px) 50vw, 384px	below
equipment/index.html	assets/img/094397a5-bannerslide8-gbcVdxokP8e4Jbkl.jpg	094397a5-bannerslide8-gbcVdxokP8e4Jbkl	480,768	(max-width:600px) calc(100vw - 64px), (max-width:920px) 50vw, 384px	below
equipment/index.html	assets/img/203820af-bannerslide9-tckM6gALWSyO2pJ2.jpg	203820af-bannerslide9-tckM6gALWSyO2pJ2	480,768	(max-width:600px) calc(100vw - 64px), (max-width:920px) 50vw, 384px	below
equipment/index.html	assets/img/8b7ea221-bannerslide11-FEXuXJL9O4Ss1mtq.jpg	8b7ea221-bannerslide11-FEXuXJL9O4Ss1mtq	480,768	(max-width:600px) calc(100vw - 64px), (max-width:920px) 50vw, 384px	below
equipment/index.html	assets/img/46b1701a-bannerslide12-x1WIOUlKly76caXd.jpg	46b1701a-bannerslide12-x1WIOUlKly76caXd	480,768	(max-width:600px) calc(100vw - 64px), (max-width:920px) 50vw, 384px	below
equipment/index.html	assets/img/a27581d9-bannerslide13-A6njwNEdUiObYJZn.jpg	a27581d9-bannerslide13-A6njwNEdUiObYJZn	480,768	(max-width:600px) calc(100vw - 64px), (max-width:920px) 50vw, 384px	below
equipment/index.html	assets/img/7cd93d95-bannerslide14-YewugA06yhf9oVJA.jpg	7cd93d95-bannerslide14-YewugA06yhf9oVJA	480,960,1440,1920	(max-width:600px) calc(100vw - 64px), (max-width:920px) 50vw, 384px	below
equipment/index.html	assets/img/dea701e5-mainbanner-lbuG6SZifrV436Oj.jpg	dea701e5-mainbanner-lbuG6SZifrV436Oj	480,768	(max-width:600px) calc(100vw - 64px), (max-width:920px) 50vw, 384px	below
facilities-overview-construction-equipment-kuwait/index.html	assets/img/v3/facilities-banner.jpg	facilities-banner	480,960	100vw	lcp
facilities-overview-construction-equipment-kuwait/index.html	assets/img/a375c78c-bannerslide1-AMqDLlRxzXInk443.jpg	a375c78c-bannerslide1-AMqDLlRxzXInk443	480,960	(max-width:600px) calc(100vw - 64px), (max-width:920px) 50vw, 384px	below
facilities-overview-construction-equipment-kuwait/index.html	assets/img/12503e0b-bannerslide5-fdkqtCNKUhxe7XZ7.jpg	12503e0b-bannerslide5-fdkqtCNKUhxe7XZ7	480,960	(max-width:600px) calc(100vw - 64px), (max-width:920px) 50vw, 384px	below
facilities-overview-construction-equipment-kuwait/index.html	assets/img/7cd93d95-bannerslide14-YewugA06yhf9oVJA.jpg	7cd93d95-bannerslide14-YewugA06yhf9oVJA	480,960,1440,1920	(max-width:600px) calc(100vw - 64px), (max-width:920px) 50vw, 384px	below
facilities-overview-construction-equipment-kuwait/index.html	assets/img/a7ab7cdc-bannerslide2-bHbn5ovp26CWQnkK.jpg	a7ab7cdc-bannerslide2-bHbn5ovp26CWQnkK	480,960,1440	(max-width:600px) calc(100vw - 64px), (max-width:920px) 50vw, 384px	below
gc32/index.html	assets/img/c16e512e-cover_sjiojqc.jpg.840x605_q90_format-webp-l2Szn7BThjlj7yiW.jpg	c16e512e-cover_sjiojqc.jpg.840x605_q90_format-webp-l2Szn7BThjlj7yiW	480,960,1440,1920	100vw	lcp
gc32/index.html	assets/img/e4a3333b-gc-32-2-tm-MLeLHJsGuQybOjsr.webp	e4a3333b-gc-32-2-tm-MLeLHJsGuQybOjsr	480,960,1440	(max-width:600px) calc(100vw - 64px), (max-width:920px) 50vw, 384px	below
gc32/index.html	assets/img/03c66781-gc-32-1-tm_1.webp.840x605_q90_format-webp-SSnO6LBcN7W701xk.jpg	03c66781-gc-32-1-tm_1.webp.840x605_q90_format-webp-SSnO6LBcN7W701xk	480,840	(max-width:600px) calc(100vw - 64px), (max-width:920px) 50vw, 384px	below
gc32/index.html	assets/img/18b0bdff-gc-32-5-fjke1HfW2TP030zQ.jpg	18b0bdff-gc-32-5-fjke1HfW2TP030zQ	480,960,1440	(max-width:600px) calc(100vw - 64px), (max-width:920px) 50vw, 384px	below
gc32/index.html	assets/img/1353e80e-gc-32-7-5LHxLNjDjqtYzxR1.webp	1353e80e-gc-32-7-5LHxLNjDjqtYzxR1	480,960,1440	(max-width:600px) calc(100vw - 64px), (max-width:920px) 50vw, 384px	below
gc32/index.html	assets/img/01daa168-cover-mePgoLy6gZHJ2RJE.jpg	01daa168-cover-mePgoLy6gZHJ2RJE	480,960,1440	(max-width:600px) calc(100vw - 64px), (max-width:920px) 50vw, 384px	below
gc32/index.html	assets/img/7f93543d-36081_15_xf61cvc.jpg.840x605_q90_format-webp-7S3GmvRjythHG9Zm.jpg	7f93543d-36081_15_xf61cvc.jpg.840x605_q90_format-webp-7S3GmvRjythHG9Zm	480,840	(max-width:600px) calc(100vw - 64px), (max-width:920px) 50vw, 384px	below
gc32/index.html	assets/img/dce244a4-cover-1-m2WqxlXl1eT9Ve8O.jpg	dce244a4-cover-1-m2WqxlXl1eT9Ve8O	480,960,1440	(max-width:600px) calc(100vw - 64px), (max-width:920px) 50vw, 384px	below
hse/index.html	assets/img/v3/hero-hsse.jpg	hero-hsse	480,960,1440,1672	100vw	lcp
hse/index.html	assets/img/v3/div-water.jpg	div-water	480,960,1440,1920	(max-width:600px) calc(100vw - 64px), (max-width:920px) 50vw, 384px	below
hst6/index.html	assets/img/e4d21deb-dji_20250326112425_0066_d_2ebbzyq.jpg.840x605_q90_format-webp-1d82G42bJu7k6VwQ.jpg	e4d21deb-dji_20250326112425_0066_d_2ebbzyq.jpg.840x605_q90_format-webp-1d82G42bJu7k6VwQ	480,960,1440,1920	100vw	lcp
hst6/index.html	assets/img/8ed0e660-dji_20250313004840_0052_d_w4ly4zf.jpg.840x605_q90_format-webp-5VO5OEHTkDK5IrVv.jpg	8ed0e660-dji_20250313004840_0052_d_w4ly4zf.jpg.840x605_q90_format-webp-5VO5OEHTkDK5IrVv	480,840	(max-width:600px) calc(100vw - 64px), (max-width:920px) 50vw, 384px	below
hst6/index.html	assets/img/a1d68b89-dsc06318_ocmxhyh.jpg.840x605_q90_format-webp-wiWK5UpIC1EWJ7WP.jpg	a1d68b89-dsc06318_ocmxhyh.jpg.840x605_q90_format-webp-wiWK5UpIC1EWJ7WP	480,840	(max-width:600px) calc(100vw - 64px), (max-width:920px) 50vw, 384px	below
hst6/index.html	assets/img/90caa4ca-subiya-gal-01-a-tm-m5K8525k8XcbpJKo.jpg	90caa4ca-subiya-gal-01-a-tm-m5K8525k8XcbpJKo	480,960,1440	(max-width:600px) calc(100vw - 64px), (max-width:920px) 50vw, 384px	below
hst6/index.html	assets/img/e936c165-cover-AoP4orzaV7c1MVvP.jpg	e936c165-cover-AoP4orzaV7c1MVvP	480,960,1274	(max-width:600px) calc(100vw - 64px), (max-width:920px) 50vw, 384px	below
hst6/index.html	assets/img/2856f4c4-dji_20251026105928_0039_d-nSkE4qjlJDXYstnP.JPG	2856f4c4-dji_20251026105928_0039_d-nSkE4qjlJDXYstnP	480,960,1440	(max-width:600px) calc(100vw - 64px), (max-width:920px) 50vw, 384px	below
hst7/index.html	assets/img/86c6c797-dji_20250324092108_0068_d.jpg.840x605_q90_format-webp-IAo74kC4Ry0UDwit.jpg	86c6c797-dji_20250324092108_0068_d.jpg.840x605_q90_format-webp-IAo74kC4Ry0UDwit	480,960,1440,1920	100vw	lcp
hst7/index.html	assets/img/f282752d-ht-t-7-cover-IVO9eReqJRZfVPYH.webp	f282752d-ht-t-7-cover-IVO9eReqJRZfVPYH	480,960,1440,1920	(max-width:600px) calc(100vw - 64px), (max-width:920px) 50vw, 384px	below
hst7/index.html	assets/img/cd180e0f-dji_20250323221234_0143_d.jpg.840x605_q90_format-webp-4vNdJsLMxjvh1w3I.jpg	cd180e0f-dji_20250323221234_0143_d.jpg.840x605_q90_format-webp-4vNdJsLMxjvh1w3I	480,840	(max-width:600px) calc(100vw - 64px), (max-width:920px) 50vw, 384px	below
hst7/index.html	assets/img/a8ca10c8-cover-2-ALp21O4nLNcgR29w.jpg	a8ca10c8-cover-2-ALp21O4nLNcgR29w	480,960,1440	(max-width:600px) calc(100vw - 64px), (max-width:920px) 50vw, 384px	below
hst7/index.html	assets/img/e936c165-cover-AoP4orzaV7c1MVvP.jpg	e936c165-cover-AoP4orzaV7c1MVvP	480,960,1274	(max-width:600px) calc(100vw - 64px), (max-width:920px) 50vw, 384px	below
hst7/index.html	assets/img/4fc5593c-138p1150439-AR01j7PPlntnQVXR.JPG	4fc5593c-138p1150439-AR01j7PPlntnQVXR	480,960,1440,1920	(max-width:600px) calc(100vw - 64px), (max-width:920px) 50vw, 384px	below
index.html	assets/img/stock-ccb51865-photo-1566041510639-8d95a2490bfb.jpg	stock-ccb51865-photo-1566041510639-8d95a2490bfb	480,960,1440,1920	100vw	lcp
index.html	assets/img/v3/rail/slide-01-480.jpg	slide-01-480	480	(max-width:600px) calc(100vw - 64px), (max-width:920px) 50vw, 384px	below
index.html	assets/img/v3/rail/slide-03-480.jpg	slide-03-480	480	(max-width:600px) calc(100vw - 64px), (max-width:920px) 50vw, 384px	below
index.html	assets/img/v3/rail/slide-04-480.jpg	slide-04-480	480	(max-width:600px) calc(100vw - 64px), (max-width:920px) 50vw, 384px	below
index.html	assets/img/v3/rail/slide-05-480.jpg	slide-05-480	480	(max-width:600px) calc(100vw - 64px), (max-width:920px) 50vw, 384px	below
index.html	assets/img/v3/rail/slide-06-480.jpg	slide-06-480	480	(max-width:600px) calc(100vw - 64px), (max-width:920px) 50vw, 384px	below
index.html	assets/img/v3/rail/slide-08-480.jpg	slide-08-480	480	(max-width:600px) calc(100vw - 64px), (max-width:920px) 50vw, 384px	below
index.html	assets/img/v3/rail/slide-09-480.jpg	slide-09-480	480	(max-width:600px) calc(100vw - 64px), (max-width:920px) 50vw, 384px	below
index.html	assets/img/v3/rail/slide-10-480.jpg	slide-10-480	480	(max-width:600px) calc(100vw - 64px), (max-width:920px) 50vw, 384px	below
index.html	assets/img/v3/rail/slide-11-480.jpg	slide-11-480	480	(max-width:600px) calc(100vw - 64px), (max-width:920px) 50vw, 384px	below
index.html	assets/img/v3/rail/slide-12-480.jpg	slide-12-480	480	(max-width:600px) calc(100vw - 64px), (max-width:920px) 50vw, 384px	below
index.html	assets/img/v3/rail/slide-13-480.jpg	slide-13-480	480	(max-width:600px) calc(100vw - 64px), (max-width:920px) 50vw, 384px	below
index.html	assets/img/v3/rail/slide-14-480.jpg	slide-14-480	480	(max-width:600px) calc(100vw - 64px), (max-width:920px) 50vw, 384px	below
index.html	assets/img/v3/rail/slide-15-480.jpg	slide-15-480	480	(max-width:600px) calc(100vw - 64px), (max-width:920px) 50vw, 384px	below
index.html	assets/img/v3/proj/kp3cns301-440.jpg	kp3cns301-440	440	(max-width:600px) calc(100vw - 64px), (max-width:920px) 50vw, 384px	below
index.html	assets/img/v3/proj/ra-259-440.jpg	ra-259-440	440	(max-width:600px) calc(100vw - 64px), (max-width:920px) 50vw, 384px	below
index.html	assets/img/v3/proj/pahwc1151-440.jpg	pahwc1151-440	440	(max-width:600px) calc(100vw - 64px), (max-width:920px) 50vw, 384px	below
index.html	assets/img/v3/proj/pai18pa-440.jpg	pai18pa-440	440	(max-width:600px) calc(100vw - 64px), (max-width:920px) 50vw, 384px	below
index.html	assets/img/v3/proj/zorepc0059-440.jpg	zorepc0059-440	440	(max-width:600px) calc(100vw - 64px), (max-width:920px) 50vw, 384px	below
index.html	assets/img/v3/careers-1920.jpg	careers-1920	480,960,1440,1920	100vw	below
jeeran-al-khaleej-residential-tower/index.html	assets/img/9085f333-jeeran-al-khaleej-tower-1-scaled-L0ekoKj8nJFbpDyy.webp	9085f333-jeeran-al-khaleej-tower-1-scaled-L0ekoKj8nJFbpDyy	480,960,1440,1920	100vw	lcp
jeeran-al-khaleej-residential-tower/index.html	assets/img/835f8d56-jeeran-al-khaleej-tower-2-scaled-NgfkDrHUVlKPBJwN.webp	835f8d56-jeeran-al-khaleej-tower-2-scaled-NgfkDrHUVlKPBJwN	480,960,1440,1920	(max-width:600px) calc(100vw - 64px), (max-width:920px) 50vw, 384px	below
jeeran-al-khaleej-residential-tower/index.html	assets/img/cc98aedf-jeeran-al-khaleej-tower-cover-2-j0YcwoiNyCQtKBj7.webp	cc98aedf-jeeran-al-khaleej-tower-cover-2-j0YcwoiNyCQtKBj7	480,960	(max-width:600px) calc(100vw - 64px), (max-width:920px) 50vw, 384px	below
jeeran-al-khaleej-residential-tower/index.html	assets/img/700bb737-cover_dxju7p0.jpg.840x605_q90_format-webp-xfvA8KGjmcAcintu.jpg	700bb737-cover_dxju7p0.jpg.840x605_q90_format-webp-xfvA8KGjmcAcintu	480,960,1440,1920	(max-width:600px) calc(100vw - 64px), (max-width:920px) 50vw, 384px	below
jeeran-al-khaleej-residential-tower/index.html	assets/img/3fc32749-cbe-gal-04-a-edit-YbN4PZqjykhNzD7x.jpg	3fc32749-cbe-gal-04-a-edit-YbN4PZqjykhNzD7x	480,960,1440,1920	(max-width:600px) calc(100vw - 64px), (max-width:920px) 50vw, 384px	below
josc151lsp06/index.html	assets/img/34cd0435-cover-Y4LPw4OJojI7wEje.jpg	34cd0435-cover-Y4LPw4OJojI7wEje	480,960,1440,1920	100vw	lcp
josc151lsp06/index.html	assets/img/fea55c05-jo-sc151-lsp06-3-B7LR7uzKDFAZbftS.webp	fea55c05-jo-sc151-lsp06-3-B7LR7uzKDFAZbftS	480,960,1440,1920	(max-width:600px) calc(100vw - 64px), (max-width:920px) 50vw, 384px	below
josc151lsp06/index.html	assets/img/0d9fbdb2-jo-sc151-lsp06-2-o3gMC2G39WTGUJ9X.webp	0d9fbdb2-jo-sc151-lsp06-2-o3gMC2G39WTGUJ9X	480,960,1440	(max-width:600px) calc(100vw - 64px), (max-width:920px) 50vw, 384px	below
josc151lsp06/index.html	assets/img/60378a02-cover-mv0Pn4DGWEHL02kD.jpg	60378a02-cover-mv0Pn4DGWEHL02kD	480,960,1440	(max-width:600px) calc(100vw - 64px), (max-width:920px) 50vw, 384px	below
josc151lsp06/index.html	assets/img/01daa168-cover-mePgoLy6gZHJ2RJE.jpg	01daa168-cover-mePgoLy6gZHJ2RJE	480,960,1440	(max-width:600px) calc(100vw - 64px), (max-width:920px) 50vw, 384px	below
koc36081/index.html	assets/img/c091a56d-cover_3emismo.jpg.840x605_q90_format-webp-Cdoem9ELFyAVuH7m.jpg	c091a56d-cover_3emismo.jpg.840x605_q90_format-webp-Cdoem9ELFyAVuH7m	480,960,1440,1920	100vw	lcp
koc36081/index.html	assets/img/170400af-36081_06_ifplit9.jpg.840x605_q90_format-webp-okgx1xP9p2XwqIex.jpg	170400af-36081_06_ifplit9.jpg.840x605_q90_format-webp-okgx1xP9p2XwqIex	480,840	(max-width:600px) calc(100vw - 64px), (max-width:920px) 50vw, 384px	below
koc36081/index.html	assets/img/faaa42f4-36081_10_9bvpvr3.jpg.840x605_q90_format-webp-iWSy4rjpJtU2ckNp.jpg	faaa42f4-36081_10_9bvpvr3.jpg.840x605_q90_format-webp-iWSy4rjpJtU2ckNp	480,840	(max-width:600px) calc(100vw - 64px), (max-width:920px) 50vw, 384px	below
koc36081/index.html	assets/img/1b9044b0-36081_14_0ydg5xe.jpg.840x605_q90_format-webp-aTxJ51QdeVSVIkQs.jpg	1b9044b0-36081_14_0ydg5xe.jpg.840x605_q90_format-webp-aTxJ51QdeVSVIkQs	480,840	(max-width:600px) calc(100vw - 64px), (max-width:920px) 50vw, 384px	below
koc36081/index.html	assets/img/a1d935cf-36081_15_xf61cvc.jpg.840x605_q90_format-webp-7S3GmvRjythHG9Zm.jpg	a1d935cf-36081_15_xf61cvc.jpg.840x605_q90_format-webp-7S3GmvRjythHG9Zm	480,840	(max-width:600px) calc(100vw - 64px), (max-width:920px) 50vw, 384px	below
koc36081/index.html	assets/img/01daa168-cover-mePgoLy6gZHJ2RJE.jpg	01daa168-cover-mePgoLy6gZHJ2RJE	480,960,1440	(max-width:600px) calc(100vw - 64px), (max-width:920px) 50vw, 384px	below
koc36081/index.html	assets/img/21a9fef6-dsc_1162-mk34B5pjavtzrx58.JPG	21a9fef6-dsc_1162-mk34B5pjavtzrx58	480,960,1440	(max-width:600px) calc(100vw - 64px), (max-width:920px) 50vw, 384px	below
kp3cns301/index.html	assets/img/1fcfa266-kp3-cns-301-6-Svi5dqP6cfg8u3aB.webp	1fcfa266-kp3-cns-301-6-Svi5dqP6cfg8u3aB	480,960,1440,1920	100vw	lcp
kp3cns301/index.html	assets/img/0f012e1a-kp3-cns-301-cover-V3SkE4uWUdyHPnTJ.webp	0f012e1a-kp3-cns-301-cover-V3SkE4uWUdyHPnTJ	480,960,1440	(max-width:600px) calc(100vw - 64px), (max-width:920px) 50vw, 384px	below
kp3cns301/index.html	assets/img/v3/kp3-1.jpg	kp3-1	480,960,1440,1920	(max-width:600px) calc(100vw - 64px), (max-width:920px) 50vw, 384px	below
kp3cns301/index.html	assets/img/v3/kp3-2.jpg	kp3-2	480,960,1440,1920	(max-width:600px) calc(100vw - 64px), (max-width:920px) 50vw, 384px	below
kp3cns301/index.html	assets/img/v3/kp3-3.jpg	kp3-3	480,960,1440,1920	(max-width:600px) calc(100vw - 64px), (max-width:920px) 50vw, 384px	below
kp3cns301/index.html	assets/img/v3/kp3-4.jpg	kp3-4	480,960,1440,1920	(max-width:600px) calc(100vw - 64px), (max-width:920px) 50vw, 384px	below
kp3cns301/index.html	assets/img/v3/kp3-5.jpg	kp3-5	480,960,1440,1920	(max-width:600px) calc(100vw - 64px), (max-width:920px) 50vw, 384px	below
kp3cns301/index.html	assets/img/v3/kp3-6.jpg	kp3-6	480,960,1440,1672	(max-width:600px) calc(100vw - 64px), (max-width:920px) 50vw, 384px	below
kp3cns301/index.html	assets/img/v3/kp3-7.jpg	kp3-7	480,960,1440,1920	(max-width:600px) calc(100vw - 64px), (max-width:920px) 50vw, 384px	below
kp3cns301/index.html	assets/img/e1d09d14-cover-5.jpg.840x605_q90_format-webp-1rGWmknmENZ3bnb8.jpg	e1d09d14-cover-5.jpg.840x605_q90_format-webp-1rGWmknmENZ3bnb8	480,840	(max-width:600px) calc(100vw - 64px), (max-width:920px) 50vw, 384px	below
kp3cns301/index.html	assets/img/1bb258a2-kp3-cns-301-4-Mi18LHiku3jAUo2T.webp	1bb258a2-kp3-cns-301-4-Mi18LHiku3jAUo2T	480,960	(max-width:600px) calc(100vw - 64px), (max-width:920px) 50vw, 384px	below
kp3cns301/index.html	assets/img/edc20524-picture3-8pxsqx2kYGnzBdXN.jpg	edc20524-picture3-8pxsqx2kYGnzBdXN	480,960,1440	(max-width:600px) calc(100vw - 64px), (max-width:920px) 50vw, 384px	below
kp3cns301/index.html	assets/img/21a9fef6-dsc_1162-mk34B5pjavtzrx58.JPG	21a9fef6-dsc_1162-mk34B5pjavtzrx58	480,960,1440	(max-width:600px) calc(100vw - 64px), (max-width:920px) 50vw, 384px	below
kp3cns301/index.html	assets/img/0df45ec9-cover-AzGMBZ95W8tqw0VQ.JPG	0df45ec9-cover-AzGMBZ95W8tqw0VQ	480,960,1440	(max-width:600px) calc(100vw - 64px), (max-width:920px) 50vw, 384px	below
laboratories/index.html	assets/img/v3/labs-overview.jpg	labs-overview	480,960	100vw	lcp
laboratories/index.html	assets/img/a7ab7cdc-bannerslide2-bHbn5ovp26CWQnkK.jpg	a7ab7cdc-bannerslide2-bHbn5ovp26CWQnkK	480,960,1440	(max-width:600px) calc(100vw - 64px), (max-width:920px) 50vw, 384px	below
laboratories/index.html	assets/img/6fd5fe2f-bannerslide1-5plCBZWEwdyB3l2D.jpg	6fd5fe2f-bannerslide1-5plCBZWEwdyB3l2D	480,960,1440	(max-width:600px) calc(100vw - 64px), (max-width:920px) 50vw, 384px	below
laboratories/index.html	assets/img/750c616d-bannerslide3-8FKHjAkdbSiDfJ9N.jpg	750c616d-bannerslide3-8FKHjAkdbSiDfJ9N	480,960,1440,1920	(max-width:600px) calc(100vw - 64px), (max-width:920px) 50vw, 384px	below
laboratories/index.html	assets/img/12503e0b-bannerslide5-fdkqtCNKUhxe7XZ7.jpg	12503e0b-bannerslide5-fdkqtCNKUhxe7XZ7	480,960	(max-width:600px) calc(100vw - 64px), (max-width:920px) 50vw, 384px	below
laboratories/index.html	assets/img/1af51961-bannerslide6-8zTmuWUEZvCliFN8.jpg	1af51961-bannerslide6-8zTmuWUEZvCliFN8	480,960	(max-width:600px) calc(100vw - 64px), (max-width:920px) 50vw, 384px	below
laboratories/index.html	assets/img/0fc729e2-bannerslide7-KeDi4Y9GQWyA9qea.jpg	0fc729e2-bannerslide7-KeDi4Y9GQWyA9qea	480,960	(max-width:600px) calc(100vw - 64px), (max-width:920px) 50vw, 384px	below
mer-r-419/index.html	assets/img/5d703bac-adji_0033_bphmnw1.webp.840x605_q90_format-webp-KC1EvEcYs4sgcql1.jpg	5d703bac-adji_0033_bphmnw1.webp.840x605_q90_format-webp-KC1EvEcYs4sgcql1	480,960,1440,1920	100vw	lcp
mer-r-419/index.html	assets/img/20751299-gus_1985.webp.840x605_q90_format-webp-iB3mBfTHt3VLQDWK.jpg	20751299-gus_1985.webp.840x605_q90_format-webp-iB3mBfTHt3VLQDWK	480,840	(max-width:600px) calc(100vw - 64px), (max-width:920px) 50vw, 384px	below
mer-r-419/index.html	assets/img/1f0d48d9-adji_0070-tm-4_fy4tx6i.webp.840x605_q90_format-webp-8daYAXWLvjKT2Q8K.jpg	1f0d48d9-adji_0070-tm-4_fy4tx6i.webp.840x605_q90_format-webp-8daYAXWLvjKT2Q8K	480,840	(max-width:600px) calc(100vw - 64px), (max-width:920px) 50vw, 384px	below
mer-r-419/index.html	assets/img/70afda16-adji_0033-AR01j7bBzvT9925k.jpg	70afda16-adji_0033-AR01j7bBzvT9925k	480,960,1440	(max-width:600px) calc(100vw - 64px), (max-width:920px) 50vw, 384px	below
mer-r-419/index.html	assets/img/93bd7841-adji_0127-tm_1.webp.840x605_q90_format-webp-dIjPythFHM1yQBF9.jpg	93bd7841-adji_0127-tm_1.webp.840x605_q90_format-webp-dIjPythFHM1yQBF9	480,840	(max-width:600px) calc(100vw - 64px), (max-width:920px) 50vw, 384px	below
mer-r-419/index.html	assets/img/4fc5593c-138p1150439-AR01j7PPlntnQVXR.JPG	4fc5593c-138p1150439-AR01j7PPlntnQVXR	480,960,1440,1920	(max-width:600px) calc(100vw - 64px), (max-width:920px) 50vw, 384px	below
mer-r-419/index.html	assets/img/b62f9077-cover-AoP4orzaV7c1MVvP.jpg	b62f9077-cover-AoP4orzaV7c1MVvP	480,960,1274	(max-width:600px) calc(100vw - 64px), (max-width:920px) 50vw, 384px	below
mer-r-419/index.html	assets/img/2856f4c4-dji_20251026105928_0039_d-nSkE4qjlJDXYstnP.JPG	2856f4c4-dji_20251026105928_0039_d-nSkE4qjlJDXYstnP	480,960,1440	(max-width:600px) calc(100vw - 64px), (max-width:920px) 50vw, 384px	below
mew5773/index.html	assets/img/2b41b41b-mew-5773-2022-2023-2-w0itJyMlOjixQLzp.webp	2b41b41b-mew-5773-2022-2023-2-w0itJyMlOjixQLzp	480,960,1440,1920	100vw	lcp
mew5773/index.html	assets/img/7eb2c814-mew-5773-2022-2023-cover-36iJ1EuNfAAnVAoB.webp	7eb2c814-mew-5773-2022-2023-cover-36iJ1EuNfAAnVAoB	480,960,1440,1920	(max-width:600px) calc(100vw - 64px), (max-width:920px) 50vw, 384px	below
mew5773/index.html	assets/img/634fb4e8-mew-5773-2022-2023-3-WzKUFYyqOZMOJoK5.webp	634fb4e8-mew-5773-2022-2023-3-WzKUFYyqOZMOJoK5	480,960	(max-width:600px) calc(100vw - 64px), (max-width:920px) 50vw, 384px	below
mew5773/index.html	assets/img/fc9eb64b-picture1-OmHz3Q6eS2fAaRcX.jpg	fc9eb64b-picture1-OmHz3Q6eS2fAaRcX	480,960	(max-width:600px) calc(100vw - 64px), (max-width:920px) 50vw, 384px	below
mew6085/index.html	assets/img/ce159db7-mew-6085-2024-2025-3-nOVym5yIPWzXoQyM.webp	ce159db7-mew-6085-2024-2025-3-nOVym5yIPWzXoQyM	480,960,1440,1920	100vw	lcp
mew6085/index.html	assets/img/d6f3a1b9-picture2-1-zDdR4f29WSNkRXW9.jpg	d6f3a1b9-picture2-1-zDdR4f29WSNkRXW9	480,960,1440,1920	(max-width:600px) calc(100vw - 64px), (max-width:920px) 50vw, 384px	below
mew6085/index.html	assets/img/v3/mew-1.jpg	mew-1	480,960,1440,1920	(max-width:600px) calc(100vw - 64px), (max-width:920px) 50vw, 384px	below
mew6085/index.html	assets/img/v3/mew-2.jpg	mew-2	480,960,1440,1920	(max-width:600px) calc(100vw - 64px), (max-width:920px) 50vw, 384px	below
mew6085/index.html	assets/img/v3/mew-3.jpg	mew-3	480,960,1440,1920	(max-width:600px) calc(100vw - 64px), (max-width:920px) 50vw, 384px	below
mew6085/index.html	assets/img/v3/mew-4.jpg	mew-4	480,960	(max-width:600px) calc(100vw - 64px), (max-width:920px) 50vw, 384px	below
mew6085/index.html	assets/img/v3/mew-5.jpg	mew-5	480,960,1440,1920	(max-width:600px) calc(100vw - 64px), (max-width:920px) 50vw, 384px	below
mew6085/index.html	assets/img/v3/mew-6.jpg	mew-6	480,960,1440,1920	(max-width:600px) calc(100vw - 64px), (max-width:920px) 50vw, 384px	below
mew6085/index.html	assets/img/abe78942-picture4-2dfSoNKZeXwYPZMp.jpg	abe78942-picture4-2dfSoNKZeXwYPZMp	480,960,1440,1920	(max-width:600px) calc(100vw - 64px), (max-width:920px) 50vw, 384px	below
mew6085/index.html	assets/img/6d0b09b2-dji_20241124173241_0009_d.mp4_20250519_121549.185.jpg.840x605_q90_format-webp-d7JQ7sTjRlItfitR.jpg	6d0b09b2-dji_20241124173241_0009_d.mp4_20250519_121549.185.jpg.840x605_q90_format-webp-d7JQ7sTjRlItfitR	480,840	(max-width:600px) calc(100vw - 64px), (max-width:920px) 50vw, 384px	below
micro-tunneling-kuwait/index.html	assets/img/v3/blp/micro-cover.jpg	micro-cover	480,960,1440,1920	100vw	lcp
micro-tunneling-kuwait/index.html	assets/img/v3/blp/micro-band.jpg	micro-band	480,960,1440	(max-width:600px) calc(100vw - 64px), (max-width:920px) 50vw, 384px	below
oil-and-gas-construction-kuwait/index.html	assets/img/v3/blp/oil-cover.jpg	oil-cover	480,960,1440,1920	100vw	lcp
oil-and-gas-construction-kuwait/index.html	assets/img/v3/blp/oil-band.jpg	oil-band	480,960,1440	(max-width:600px) calc(100vw - 64px), (max-width:920px) 50vw, 384px	below
oil-and-gas-construction-kuwait/index.html	assets/img/197fcc72-kipic-odtYZVmql3vtss3x.jpg	197fcc72-kipic-odtYZVmql3vtss3x	480,768	(max-width:600px) calc(100vw - 64px), (max-width:920px) 50vw, 384px	below
owwsct2459831/index.html	assets/img/3de9cb8b-owwsc-t-2459831-2023-d103-2024-2-7Fd0o2456EpuwJxW.webp	3de9cb8b-owwsc-t-2459831-2023-d103-2024-2-7Fd0o2456EpuwJxW	480,960,1440,1920	100vw	lcp
owwsct2459831/index.html	assets/img/15a44bc0-owwsc-t-2459831-2023-d103-2024-1-1HK8qKnrDYr9AtxZ.webp	15a44bc0-owwsc-t-2459831-2023-d103-2024-1-1HK8qKnrDYr9AtxZ	480,960,1440	(max-width:600px) calc(100vw - 64px), (max-width:920px) 50vw, 384px	below
owwsct2459831/index.html	assets/img/8b287c34-owwsc-t-2459831-2023-d103-2024-4-uY8858q9CHMlT89i.webp	8b287c34-owwsc-t-2459831-2023-d103-2024-4-uY8858q9CHMlT89i	480,960	(max-width:600px) calc(100vw - 64px), (max-width:920px) 50vw, 384px	below
owwsct2459831/index.html	assets/img/de21a295-owwsc-t-2460879-2023-c1246-2024-cover-0jxo0KTxP9teYyTG.webp	de21a295-owwsc-t-2460879-2023-c1246-2024-cover-0jxo0KTxP9teYyTG	480,960	(max-width:600px) calc(100vw - 64px), (max-width:920px) 50vw, 384px	below
owwsct2459831/index.html	assets/img/e7fb3e69-mew-5773-2022-2023-2-w0itJyMlOjixQLzp.webp	e7fb3e69-mew-5773-2022-2023-2-w0itJyMlOjixQLzp	480,960	(max-width:600px) calc(100vw - 64px), (max-width:920px) 50vw, 384px	below
owwsct2460879/index.html	assets/img/6244110b-owwsc-t-2460879-2023-c1246-2024-2-4sUysk8pihC97M4K.webp	6244110b-owwsc-t-2460879-2023-c1246-2024-2-4sUysk8pihC97M4K	480,960,1440,1920	100vw	lcp
owwsct2460879/index.html	assets/img/74ff757e-owwsc-t-2460879-2023-c1246-2024-1-f28A1zzxmdrVbBgz.webp	74ff757e-owwsc-t-2460879-2023-c1246-2024-1-f28A1zzxmdrVbBgz	480,960,1440	(max-width:600px) calc(100vw - 64px), (max-width:920px) 50vw, 384px	below
owwsct2460879/index.html	assets/img/07d68e9d-owwsc-t-2460879-2023-c1246-2024-cover-0jxo0KTxP9teYyTG.webp	07d68e9d-owwsc-t-2460879-2023-c1246-2024-cover-0jxo0KTxP9teYyTG	480,960	(max-width:600px) calc(100vw - 64px), (max-width:920px) 50vw, 384px	below
owwsct2460879/index.html	assets/img/4bea0196-owwsc-t-2460879-2023-c1246-2024-4-rTiVATKvbmRwM7xO.webp	4bea0196-owwsc-t-2460879-2023-c1246-2024-4-rTiVATKvbmRwM7xO	480,960	(max-width:600px) calc(100vw - 64px), (max-width:920px) 50vw, 384px	below
owwsct2460879/index.html	assets/img/04a0b071-owwsc-t-2460879-2023-c1246-2024-3-V7yP1prpQ9CRZDnZ.webp	04a0b071-owwsc-t-2460879-2023-c1246-2024-3-V7yP1prpQ9CRZDnZ	480	(max-width:600px) calc(100vw - 64px), (max-width:920px) 50vw, 384px	below
owwsct2460879/index.html	assets/img/26b166e5-ra-268-2-dhH2XtbGOmoWxnVU.webp	26b166e5-ra-268-2-dhH2XtbGOmoWxnVU	480,960	(max-width:600px) calc(100vw - 64px), (max-width:920px) 50vw, 384px	below
paafa77/index.html	assets/img/3fc32749-cbe-gal-04-a-edit-YbN4PZqjykhNzD7x.jpg	3fc32749-cbe-gal-04-a-edit-YbN4PZqjykhNzD7x	480,960,1440,1920	100vw	lcp
paafa77/index.html	assets/img/83d3c306-p1010258-mp84j6qQvEivRX0o.JPG	83d3c306-p1010258-mp84j6qQvEivRX0o	480,960,1440,1920	(max-width:600px) calc(100vw - 64px), (max-width:920px) 50vw, 384px	below
paafa77/index.html	assets/img/cd563d5b-cbe-gal-05-a-tm_iub3ftz.jpg.840x605_q90_format-webp-t2bEKSf9qx5quCyG.jpg	cd563d5b-cbe-gal-05-a-tm_iub3ftz.jpg.840x605_q90_format-webp-t2bEKSf9qx5quCyG	480,840	(max-width:600px) calc(100vw - 64px), (max-width:920px) 50vw, 384px	below
paafa77/index.html	assets/img/b3379cc9-cover_7hbq6wz.jpg.840x605_q90_format-webp-AdxVqcAoPzfZk7hv.jpg	b3379cc9-cover_7hbq6wz.jpg.840x605_q90_format-webp-AdxVqcAoPzfZk7hv	480,840	(max-width:600px) calc(100vw - 64px), (max-width:920px) 50vw, 384px	below
paafa77/index.html	assets/img/62d972d7-paaet-77_12-A1aznQBZgbfVvK72.jpg	62d972d7-paaet-77_12-A1aznQBZgbfVvK72	480,960,1440	(max-width:600px) calc(100vw - 64px), (max-width:920px) 50vw, 384px	below
paafa77/index.html	assets/img/481f6611-cover_dxju7p0.jpg.840x605_q90_format-webp-xfvA8KGjmcAcintu.jpg	481f6611-cover_dxju7p0.jpg.840x605_q90_format-webp-xfvA8KGjmcAcintu	480,840	(max-width:600px) calc(100vw - 64px), (max-width:920px) 50vw, 384px	below
paafa77/index.html	assets/img/a0db675f-jeeran-al-khaleej-tower-cover-2-j0YcwoiNyCQtKBj7.webp	a0db675f-jeeran-al-khaleej-tower-cover-2-j0YcwoiNyCQtKBj7	480,960	(max-width:600px) calc(100vw - 64px), (max-width:920px) 50vw, 384px	below
pahw1533/index.html	assets/img/3a6a7f3a-cover_kouna2r.jpg.840x605_q90_format-webp-6o4ShRXTDebtpCP1.jpg	3a6a7f3a-cover_kouna2r.jpg.840x605_q90_format-webp-6o4ShRXTDebtpCP1	480,960,1440,1920	100vw	lcp
pahw1533/index.html	assets/img/7c3e5446-pahw-1553-2023-2024-4-Pkq8XrseQAAlIvNG.webp	7c3e5446-pahw-1553-2023-2024-4-Pkq8XrseQAAlIvNG	480,960,1440	(max-width:600px) calc(100vw - 64px), (max-width:920px) 50vw, 384px	below
pahw1533/index.html	assets/img/e6cfc1b4-dji_20241123170923_0018_d.mp4_20250519_120659.104.jpg.840x605_q90_format-webp-QPCUwQ4t91WRSkW2.jpg	e6cfc1b4-dji_20241123170923_0018_d.mp4_20250519_120659.104.jpg.840x605_q90_format-webp-QPCUwQ4t91WRSkW2	480,840	(max-width:600px) calc(100vw - 64px), (max-width:920px) 50vw, 384px	below
pahw1533/index.html	assets/img/0224bdc5-dji_20241123175507_0089_d.mp4_20250519_121020.800_opz8ddu.jpg.840x605_q90_format-webp-Jx5fkxoVxRsInoB5.jpg	0224bdc5-dji_20241123175507_0089_d.mp4_20250519_121020.800_opz8ddu.jpg.840x605_q90_format-webp-Jx5fkxoVxRsInoB5	480,840	(max-width:600px) calc(100vw - 64px), (max-width:920px) 50vw, 384px	below
pahw1533/index.html	assets/img/83d2e2dc-dji_20241124173241_0009_d.mp4_20250519_121549.185.jpg.840x605_q90_format-webp-d7JQ7sTjRlItfitR.jpg	83d2e2dc-dji_20241124173241_0009_d.mp4_20250519_121549.185.jpg.840x605_q90_format-webp-d7JQ7sTjRlItfitR	480,840	(max-width:600px) calc(100vw - 64px), (max-width:920px) 50vw, 384px	below
pahw1533/index.html	assets/img/01965a5b-mew-5773-2022-2023-3-WzKUFYyqOZMOJoK5.webp	01965a5b-mew-5773-2022-2023-3-WzKUFYyqOZMOJoK5	480,960	(max-width:600px) calc(100vw - 64px), (max-width:920px) 50vw, 384px	below
pahwc1151/index.html	assets/img/700bb737-cover_dxju7p0.jpg.840x605_q90_format-webp-xfvA8KGjmcAcintu.jpg	700bb737-cover_dxju7p0.jpg.840x605_q90_format-webp-xfvA8KGjmcAcintu	480,960,1440,1920	100vw	lcp
pahwc1151/index.html	assets/img/3481af82-cover-1-m2WqxlXl1eT9Ve8O.jpg	3481af82-cover-1-m2WqxlXl1eT9Ve8O	480,960,1440	(max-width:600px) calc(100vw - 64px), (max-width:920px) 50vw, 384px	below
pahwc1151/index.html	assets/img/2bae1713-dji_0042_66sn0ip.jpg.840x605_q90_format-webp-H8snGSF6h5GmMDF1.jpg	2bae1713-dji_0042_66sn0ip.jpg.840x605_q90_format-webp-H8snGSF6h5GmMDF1	480,840	(max-width:600px) calc(100vw - 64px), (max-width:920px) 50vw, 384px	below
pahwc1151/index.html	assets/img/fd3d8d25-picture8_pa3njpr.png.840x605_q90_format-webp-ky5izujA4LJWC69y.jpg	fd3d8d25-picture8_pa3njpr.png.840x605_q90_format-webp-ky5izujA4LJWC69y	480,840	(max-width:600px) calc(100vw - 64px), (max-width:920px) 50vw, 384px	below
pahwc1151/index.html	assets/img/c36c2c40-picture18_un8sbpq.jpg.840x605_q90_format-webp-YbA56qDY0221IBxD.jpg	c36c2c40-picture18_un8sbpq.jpg.840x605_q90_format-webp-YbA56qDY0221IBxD	480,840	(max-width:600px) calc(100vw - 64px), (max-width:920px) 50vw, 384px	below
pahwc1151/index.html	assets/img/d3625189-picture8-AoP4L6xlPgfoPOgo.jpg	d3625189-picture8-AoP4L6xlPgfoPOgo	480,960,1440	(max-width:600px) calc(100vw - 64px), (max-width:920px) 50vw, 384px	below
pahwc1151/index.html	assets/img/0df45ec9-cover-AzGMBZ95W8tqw0VQ.JPG	0df45ec9-cover-AzGMBZ95W8tqw0VQ	480,960,1440	(max-width:600px) calc(100vw - 64px), (max-width:920px) 50vw, 384px	below
pahwc1151/index.html	assets/img/90caa4ca-subiya-gal-01-a-tm-m5K8525k8XcbpJKo.jpg	90caa4ca-subiya-gal-01-a-tm-m5K8525k8XcbpJKo	480,960,1440	(max-width:600px) calc(100vw - 64px), (max-width:920px) 50vw, 384px	below
pai18pa/index.html	assets/img/f2c7a550-dji_20251027110544_0014_d-T3CRHL9Uoat6HRJn.JPG	f2c7a550-dji_20251027110544_0014_d-T3CRHL9Uoat6HRJn	480,960,1440,1920	100vw	lcp
pai18pa/index.html	assets/img/eb76f8a0-picture4-d5EuDW6sUvxetQdR.jpg	eb76f8a0-picture4-d5EuDW6sUvxetQdR	480,960,1440,1920	(max-width:600px) calc(100vw - 64px), (max-width:920px) 50vw, 384px	below
pai18pa/index.html	assets/img/57c2d173-cover-AzGMBZ95W8tqw0VQ.JPG	57c2d173-cover-AzGMBZ95W8tqw0VQ	480,960,1440	(max-width:600px) calc(100vw - 64px), (max-width:920px) 50vw, 384px	below
pai18pa/index.html	assets/img/446bc2f4-dji_20240529082555_0021_d-Yle4orEzqMcVwqnO.JPG	446bc2f4-dji_20240529082555_0021_d-Yle4orEzqMcVwqnO	480,960,1440	(max-width:600px) calc(100vw - 64px), (max-width:920px) 50vw, 384px	below
pai18pa/index.html	assets/img/bfacc4d5-dji_20241016144759_0307_d-A85M8BakLpiVjnXE.JPG	bfacc4d5-dji_20241016144759_0307_d-A85M8BakLpiVjnXE	480,960,1440	(max-width:600px) calc(100vw - 64px), (max-width:920px) 50vw, 384px	below
pai18pa/index.html	assets/img/a9e3c138-picture2-bnjxGD6MiehyexWc.jpg	a9e3c138-picture2-bnjxGD6MiehyexWc	480,960,1440,1920	(max-width:600px) calc(100vw - 64px), (max-width:920px) 50vw, 384px	below
pai18pa/index.html	assets/img/8aec143a-aseeb1-mxB2e831EbupNE0L.jpg	8aec143a-aseeb1-mxB2e831EbupNE0L	480,960,1440	(max-width:600px) calc(100vw - 64px), (max-width:920px) 50vw, 384px	below
pai18pa/index.html	assets/img/2248071b-dsc05915-2-YyvD125bp4TMVPkO.JPG	2248071b-dsc05915-2-YyvD125bp4TMVPkO	480,960,1440	(max-width:600px) calc(100vw - 64px), (max-width:920px) 50vw, 384px	below
plants/index.html	assets/img/v3/hero-plants.jpg	hero-plants	480,960,1286	100vw	lcp
plants/index.html	assets/img/v3/plants-overview.jpg	plants-overview	480,960,1440,1920	(max-width:600px) calc(100vw - 64px), (max-width:920px) 50vw, 384px	below
plants/index.html	assets/img/1b6ba9ff-bannerslide2-d95Zw7k3ePTgXN6l.jpg	1b6ba9ff-bannerslide2-d95Zw7k3ePTgXN6l	480,960	(max-width:600px) calc(100vw - 64px), (max-width:920px) 50vw, 384px	below
plants/index.html	assets/img/2e32cc34-bannerslide5-YX4jJa313ohyLXRn.jpg	2e32cc34-bannerslide5-YX4jJa313ohyLXRn	480,960	(max-width:600px) calc(100vw - 64px), (max-width:920px) 50vw, 384px	below
plants/index.html	assets/img/1f7b5437-bannerslide6-A0xv71ReJ4Sb4e4N.jpg	1f7b5437-bannerslide6-A0xv71ReJ4Sb4e4N	480,960	(max-width:600px) calc(100vw - 64px), (max-width:920px) 50vw, 384px	below
plants/index.html	assets/img/56fc8feb-bannerslide8-mk34pqb8OyfVX0pO.jpg	56fc8feb-bannerslide8-mk34pqb8OyfVX0pO	480,960	(max-width:600px) calc(100vw - 64px), (max-width:920px) 50vw, 384px	below
qstsh15/index.html	assets/img/fd8f630d-cover-2.jpg.840x605_q90_format-webp-zXp0feFbDF5OrM65.jpg	fd8f630d-cover-2.jpg.840x605_q90_format-webp-zXp0feFbDF5OrM65	480,960,1440,1920	100vw	lcp
qstsh15/index.html	assets/img/09d4b425-dsc06503.jpg.840x605_q90_format-webp-9dWaXCxJA4J5kqJI.jpg	09d4b425-dsc06503.jpg.840x605_q90_format-webp-9dWaXCxJA4J5kqJI	480,840	(max-width:600px) calc(100vw - 64px), (max-width:920px) 50vw, 384px	below
qstsh15/index.html	assets/img/adef75b8-dsc05922_8vujshm.jpg.840x605_q90_format-webp-1Oy9QPkIZriTTvmQ.jpg	adef75b8-dsc05922_8vujshm.jpg.840x605_q90_format-webp-1Oy9QPkIZriTTvmQ	480,840	(max-width:600px) calc(100vw - 64px), (max-width:920px) 50vw, 384px	below
qstsh15/index.html	assets/img/a8ca10c8-cover-2-ALp21O4nLNcgR29w.jpg	a8ca10c8-cover-2-ALp21O4nLNcgR29w	480,960,1440	(max-width:600px) calc(100vw - 64px), (max-width:920px) 50vw, 384px	below
qstsh15/index.html	assets/img/b62f9077-cover-AoP4orzaV7c1MVvP.jpg	b62f9077-cover-AoP4orzaV7c1MVvP	480,960,1274	(max-width:600px) calc(100vw - 64px), (max-width:920px) 50vw, 384px	below
qstsh15/index.html	assets/img/dda5359d-59-YD0EPvL5yRixDVxK.png	dda5359d-59-YD0EPvL5yRixDVxK	480,960,1440	(max-width:600px) calc(100vw - 64px), (max-width:920px) 50vw, 384px	below
quality/index.html	assets/img/v3/hero-quality.jpg	hero-quality	480,960,1440,1920	100vw	lcp
quality/index.html	assets/img/v3/labs-overview.jpg	labs-overview	480,960	(max-width:600px) calc(100vw - 64px), (max-width:920px) 50vw, 384px	below
ra-126/index.html	assets/img/61db7703-subiya-gal-01-a-tm-m5K8525k8XcbpJKo.jpg	61db7703-subiya-gal-01-a-tm-m5K8525k8XcbpJKo	480,960,1440,1920	100vw	lcp
ra-126/index.html	assets/img/c055f88e-picture2-a8IRPgxq2v8kYQKZ.jpg	c055f88e-picture2-a8IRPgxq2v8kYQKZ	480,960,1440,1920	(max-width:600px) calc(100vw - 64px), (max-width:920px) 50vw, 384px	below
ra-126/index.html	assets/img/946f6d3b-ra-126-14-web-m7VD7M79BPcVwrOE.jpg	946f6d3b-ra-126-14-web-m7VD7M79BPcVwrOE	480,960,1440,1920	(max-width:600px) calc(100vw - 64px), (max-width:920px) 50vw, 384px	below
ra-126/index.html	assets/img/dd58758c-cover-YrD4E68vvNT9lkXG.jpg	dd58758c-cover-YrD4E68vvNT9lkXG	480,960,1440,1920	(max-width:600px) calc(100vw - 64px), (max-width:920px) 50vw, 384px	below
ra-126/index.html	assets/img/a8ca10c8-cover-2-ALp21O4nLNcgR29w.jpg	a8ca10c8-cover-2-ALp21O4nLNcgR29w	480,960,1440	(max-width:600px) calc(100vw - 64px), (max-width:920px) 50vw, 384px	below
ra-126/index.html	assets/img/b62f9077-cover-AoP4orzaV7c1MVvP.jpg	b62f9077-cover-AoP4orzaV7c1MVvP	480,960,1274	(max-width:600px) calc(100vw - 64px), (max-width:920px) 50vw, 384px	below
ra-126/index.html	assets/img/c98236de-c50-2015-cover-dZsizRULbSONi57t.webp	c98236de-c50-2015-cover-dZsizRULbSONi57t	480,960,1440,1920	(max-width:600px) calc(100vw - 64px), (max-width:920px) 50vw, 384px	below
ra-171/index.html	assets/img/4fc5593c-138p1150439-AR01j7PPlntnQVXR.JPG	4fc5593c-138p1150439-AR01j7PPlntnQVXR	480,960,1440,1920	100vw	lcp
ra-171/index.html	assets/img/ccb7d45b-137p1150418-AGBzD3RRLLs51W58.JPG	ccb7d45b-137p1150418-AGBzD3RRLLs51W58	480,960,1280	(max-width:600px) calc(100vw - 64px), (max-width:920px) 50vw, 384px	below
ra-171/index.html	assets/img/b0a6a0d4-ra-126-14-web-m7VD7M79BPcVwrOE.jpg	b0a6a0d4-ra-126-14-web-m7VD7M79BPcVwrOE	480,960,1440	(max-width:600px) calc(100vw - 64px), (max-width:920px) 50vw, 384px	below
ra-171/index.html	assets/img/b62f9077-cover-AoP4orzaV7c1MVvP.jpg	b62f9077-cover-AoP4orzaV7c1MVvP	480,960,1274	(max-width:600px) calc(100vw - 64px), (max-width:920px) 50vw, 384px	below
ra-223/index.html	assets/img/de6f7b87-cover-uArqq5nk9vhjSPJ5.jpg	de6f7b87-cover-uArqq5nk9vhjSPJ5	480,960,1440,1920	100vw	lcp
ra-223/index.html	assets/img/06af5a26-cover-UOTvsRUhXDZoOPfq.jpg	06af5a26-cover-UOTvsRUhXDZoOPfq	480,960,1440,1920	(max-width:600px) calc(100vw - 64px), (max-width:920px) 50vw, 384px	below
ra-223/index.html	assets/img/2a194998-picture2_edit-v1TwLSPZvBOZQIi9.jpg	2a194998-picture2_edit-v1TwLSPZvBOZQIi9	480,960,1440	(max-width:600px) calc(100vw - 64px), (max-width:920px) 50vw, 384px	below
ra-223/index.html	assets/img/38650969-picture4_edit-2GE05a4yDEr7SKq4.jpg	38650969-picture4_edit-2GE05a4yDEr7SKq4	480,960,1440,1920	(max-width:600px) calc(100vw - 64px), (max-width:920px) 50vw, 384px	below
ra-223/index.html	assets/img/75225100-picture3_edit-D16x9LVUGRFCuwZl.jpg	75225100-picture3_edit-D16x9LVUGRFCuwZl	480,960,1440	(max-width:600px) calc(100vw - 64px), (max-width:920px) 50vw, 384px	below
ra-223/index.html	assets/img/ec7d888f-picture1_edit-8XB2gHENAUotpNXv.jpg	ec7d888f-picture1_edit-8XB2gHENAUotpNXv	480,960,1440,1920	(max-width:600px) calc(100vw - 64px), (max-width:920px) 50vw, 384px	below
ra-223/index.html	assets/img/5017e60f-dji_20251103110557_0009_d-Nz7mMzP1ULXWXAsS.JPG	5017e60f-dji_20251103110557_0009_d-Nz7mMzP1ULXWXAsS	480,960,1440	(max-width:600px) calc(100vw - 64px), (max-width:920px) 50vw, 384px	below
ra-223/index.html	assets/img/86c6c797-dji_20250324092108_0068_d.jpg.840x605_q90_format-webp-IAo74kC4Ry0UDwit.jpg	86c6c797-dji_20250324092108_0068_d.jpg.840x605_q90_format-webp-IAo74kC4Ry0UDwit	480,960,1440,1920	(max-width:600px) calc(100vw - 64px), (max-width:920px) 50vw, 384px	below
ra-223/index.html	assets/img/dfa36935-dji_0059-Yle4a6Jzo7UW896B.JPG	dfa36935-dji_0059-Yle4a6Jzo7UW896B	480,960,1440	(max-width:600px) calc(100vw - 64px), (max-width:920px) 50vw, 384px	below
ra-223/index.html	assets/img/1405fbe2-36081_15_xf61cvc.jpg.840x605_q90_format-webp-7S3GmvRjythHG9Zm.jpg	1405fbe2-36081_15_xf61cvc.jpg.840x605_q90_format-webp-7S3GmvRjythHG9Zm	480,840	(max-width:600px) calc(100vw - 64px), (max-width:920px) 50vw, 384px	below
ra-259/index.html	assets/img/cd8235c2-50-YbN4Pyk5xGH71W3k.png	cd8235c2-50-YbN4Pyk5xGH71W3k	480,960,1440,1920	100vw	lcp
ra-259/index.html	assets/img/941881de-cover-dgaxSS2CfQ6wTIn4.png	941881de-cover-dgaxSS2CfQ6wTIn4	480,960,1440	(max-width:600px) calc(100vw - 64px), (max-width:920px) 50vw, 384px	below
ra-259/index.html	assets/img/41d0e0bf-picture7-HtTr5XyjszjaaYEN.png	41d0e0bf-picture7-HtTr5XyjszjaaYEN	480,960,1440	(max-width:600px) calc(100vw - 64px), (max-width:920px) 50vw, 384px	below
ra-259/index.html	assets/img/7d31450c-picture6-tR70sPOXSj1OmM6Q.png	7d31450c-picture6-tR70sPOXSj1OmM6Q	480,960,1440	(max-width:600px) calc(100vw - 64px), (max-width:920px) 50vw, 384px	below
ra-259/index.html	assets/img/6df77624-picture5-YZH7BVNJb1oHkT84.png	6df77624-picture5-YZH7BVNJb1oHkT84	480,960,1440	(max-width:600px) calc(100vw - 64px), (max-width:920px) 50vw, 384px	below
ra-259/index.html	assets/img/f09b6468-picture4-OJcTuuMhbUs6j97T.png	f09b6468-picture4-OJcTuuMhbUs6j97T	480,960,1440	(max-width:600px) calc(100vw - 64px), (max-width:920px) 50vw, 384px	below
ra-259/index.html	assets/img/af19ea87-picture3-BTMql4LHrYwIL8aS.png	af19ea87-picture3-BTMql4LHrYwIL8aS	480,960,1440	(max-width:600px) calc(100vw - 64px), (max-width:920px) 50vw, 384px	below
ra-259/index.html	assets/img/7f2c02df-picture2-Ps2QiwjFJbyFBGk0.png	7f2c02df-picture2-Ps2QiwjFJbyFBGk0	480,960,1440	(max-width:600px) calc(100vw - 64px), (max-width:920px) 50vw, 384px	below
ra-259/index.html	assets/img/359163d0-picture1-lPuwHBVHzD2B8kld.png	359163d0-picture1-lPuwHBVHzD2B8kld	480,960,1440	(max-width:600px) calc(100vw - 64px), (max-width:920px) 50vw, 384px	below
ra-259/index.html	assets/img/c0831fb7-picture8-YnhyqFAoQ7lRc11z.png	c0831fb7-picture8-YnhyqFAoQ7lRc11z	480,960,1440	(max-width:600px) calc(100vw - 64px), (max-width:920px) 50vw, 384px	below
ra-259/index.html	assets/img/c44a5f70-dji_0370-tm-Yle4orzkzli03wEW.jpg	c44a5f70-dji_0370-tm-Yle4orzkzli03wEW	480,960,1440	(max-width:600px) calc(100vw - 64px), (max-width:920px) 50vw, 384px	below
ra-259/index.html	assets/img/2856f4c4-dji_20251026105928_0039_d-nSkE4qjlJDXYstnP.JPG	2856f4c4-dji_20251026105928_0039_d-nSkE4qjlJDXYstnP	480,960,1440	(max-width:600px) calc(100vw - 64px), (max-width:920px) 50vw, 384px	below
ra-259/index.html	assets/img/f4c0c323-dji_20251103110756_0012_d-92Vxj3zdtTWTsrX5.JPG	f4c0c323-dji_20251103110756_0012_d-92Vxj3zdtTWTsrX5	480,960,1440	(max-width:600px) calc(100vw - 64px), (max-width:920px) 50vw, 384px	below
ra-259/index.html	assets/img/4ef97863-ra-268-2-dhH2XtbGOmoWxnVU.webp	4ef97863-ra-268-2-dhH2XtbGOmoWxnVU	480,960	(max-width:600px) calc(100vw - 64px), (max-width:920px) 50vw, 384px	below
ra152/index.html	assets/img/0eb55875-cover-1-d95Zz3BlJ9iy5K1b.jpg	0eb55875-cover-1-d95Zz3BlJ9iy5K1b	480,960,1440,1920	100vw	lcp
ra152/index.html	assets/img/3b0676dd-ra.152_03-A3QlLPDqnQcl0qGe.jpg	3b0676dd-ra.152_03-A3QlLPDqnQcl0qGe	480,960,1396	(max-width:600px) calc(100vw - 64px), (max-width:920px) 50vw, 384px	below
ra152/index.html	assets/img/46f2379d-ra-152---project-report32-AMqDBx9Lr5U6z2PP.jpg	46f2379d-ra-152---project-report32-AMqDBx9Lr5U6z2PP	480,960	(max-width:600px) calc(100vw - 64px), (max-width:920px) 50vw, 384px	below
ra152/index.html	assets/img/58493af9-ra-152---project-report28-mePgD16peOSO7k5p.jpg	58493af9-ra-152---project-report28-mePgD16peOSO7k5p	480,960	(max-width:600px) calc(100vw - 64px), (max-width:920px) 50vw, 384px	below
ra152/index.html	assets/img/4cb4980c-ra-152---project-report30-AoP4L68VPkSONV1V.jpg	4cb4980c-ra-152---project-report30-AoP4L68VPkSONV1V	480,960	(max-width:600px) calc(100vw - 64px), (max-width:920px) 50vw, 384px	below
ra152/index.html	assets/img/8cd4d0e3-kp3-cns-301-6-Svi5dqP6cfg8u3aB.webp	8cd4d0e3-kp3-cns-301-6-Svi5dqP6cfg8u3aB	480,960	(max-width:600px) calc(100vw - 64px), (max-width:920px) 50vw, 384px	below
ra152/index.html	assets/img/171f7c64-c50-2015-cover-dZsizRULbSONi57t.webp	171f7c64-c50-2015-cover-dZsizRULbSONi57t	480,960,1440	(max-width:600px) calc(100vw - 64px), (max-width:920px) 50vw, 384px	below
ra200/index.html	assets/img/d447ebe4-dji_20251026104139_0022_d-bijWnPYWM9Ly5nI4.JPG	d447ebe4-dji_20251026104139_0022_d-bijWnPYWM9Ly5nI4	480,960,1440,1920	100vw	lcp
ra200/index.html	assets/img/ce3f4fa7-dji_20251026111837_0076_d-OdHQ2x5vtnQuR0B1.JPG	ce3f4fa7-dji_20251026111837_0076_d-OdHQ2x5vtnQuR0B1	480,960,1440	(max-width:600px) calc(100vw - 64px), (max-width:920px) 50vw, 384px	below
ra200/index.html	assets/img/5f56db60-dji_20251026101737_0007_d-xptAQuHeEsfFgyki.JPG	5f56db60-dji_20251026101737_0007_d-xptAQuHeEsfFgyki	480,960,1440	(max-width:600px) calc(100vw - 64px), (max-width:920px) 50vw, 384px	below
ra200/index.html	assets/img/970f17ec-dji_20251026105709_0035_d-sktwnqYreF8eDSKr.JPG	970f17ec-dji_20251026105709_0035_d-sktwnqYreF8eDSKr	480,960,1440	(max-width:600px) calc(100vw - 64px), (max-width:920px) 50vw, 384px	below
ra200/index.html	assets/img/2856f4c4-dji_20251026105928_0039_d-nSkE4qjlJDXYstnP.JPG	2856f4c4-dji_20251026105928_0039_d-nSkE4qjlJDXYstnP	480,960,1440	(max-width:600px) calc(100vw - 64px), (max-width:920px) 50vw, 384px	below
ra200/index.html	assets/img/d94013ee-ra-223-2.webp.840x605_q90_format-webp-wn91AMlDvd3d6v4D.jpg	d94013ee-ra-223-2.webp.840x605_q90_format-webp-wn91AMlDvd3d6v4D	480,840	(max-width:600px) calc(100vw - 64px), (max-width:920px) 50vw, 384px	below
ra200/index.html	assets/img/f4c0c323-dji_20251103110756_0012_d-92Vxj3zdtTWTsrX5.JPG	f4c0c323-dji_20251103110756_0012_d-92Vxj3zdtTWTsrX5	480,960,1440	(max-width:600px) calc(100vw - 64px), (max-width:920px) 50vw, 384px	below
ra200/index.html	assets/img/7f68afe7-picture1-FwHJjEAkyO9ofZgO.png	7f68afe7-picture1-FwHJjEAkyO9ofZgO	480,960,1440	(max-width:600px) calc(100vw - 64px), (max-width:920px) 50vw, 384px	below
ra200/index.html	assets/img/b0a6a0d4-ra-126-14-web-m7VD7M79BPcVwrOE.jpg	b0a6a0d4-ra-126-14-web-m7VD7M79BPcVwrOE	480,960,1440	(max-width:600px) calc(100vw - 64px), (max-width:920px) 50vw, 384px	below
ra245/index.html	assets/img/65d7d1c6-dji_20251103110756_0012_d-92Vxj3zdtTWTsrX5.JPG	65d7d1c6-dji_20251103110756_0012_d-92Vxj3zdtTWTsrX5	480,960,1440,1920	100vw	lcp
ra245/index.html	assets/img/84d1042f-dji_20241202095605_0092_d.mp4_20250518_142228.229_edit-mnl4x5ej2ysEqr0y.jpg	84d1042f-dji_20241202095605_0092_d.mp4_20250518_142228.229_edit-mnl4x5ej2ysEqr0y	480,960,1440,1920	(max-width:600px) calc(100vw - 64px), (max-width:920px) 50vw, 384px	below
ra245/index.html	assets/img/e7c526ee-dji_20241202094935_0088_d.mp4_20250518_141659.199_dbta0gf.jpg.840x605_q90_format-webp-9JBZ9AsJZjdVW5Zu.jpg	e7c526ee-dji_20241202094935_0088_d.mp4_20250518_141659.199_dbta0gf.jpg.840x605_q90_format-webp-9JBZ9AsJZjdVW5Zu	480,840	(max-width:600px) calc(100vw - 64px), (max-width:920px) 50vw, 384px	below
ra245/index.html	assets/img/57e40b73-2_17_yeyrtkq.png.840x605_q90_format-webp-IMuthEpvDigLkPYs.jpg	57e40b73-2_17_yeyrtkq.png.840x605_q90_format-webp-IMuthEpvDigLkPYs	480,840	(max-width:600px) calc(100vw - 64px), (max-width:920px) 50vw, 384px	below
ra245/index.html	assets/img/ab2e22d2-2_7_n0lijyj.png.840x605_q90_format-webp-wH4ZPHR2vfUmg7Th.jpg	ab2e22d2-2_7_n0lijyj.png.840x605_q90_format-webp-wH4ZPHR2vfUmg7Th	480,840	(max-width:600px) calc(100vw - 64px), (max-width:920px) 50vw, 384px	below
ra245/index.html	assets/img/85afaf20-dji_0902_edit-AR01jV9kvJHyeD0W.jpg	85afaf20-dji_0902_edit-AR01jV9kvJHyeD0W	480,960,1440	(max-width:600px) calc(100vw - 64px), (max-width:920px) 50vw, 384px	below
ra245/index.html	assets/img/a6176a24-picture5-9aEwGJ3EvgrtzA2D.jpg	a6176a24-picture5-9aEwGJ3EvgrtzA2D	480,960,1440	(max-width:600px) calc(100vw - 64px), (max-width:920px) 50vw, 384px	below
ra245/index.html	assets/img/21e72b61-adji_0033_bphmnw1.webp.840x605_q90_format-webp-KC1EvEcYs4sgcql1.jpg	21e72b61-adji_0033_bphmnw1.webp.840x605_q90_format-webp-KC1EvEcYs4sgcql1	480,840	(max-width:600px) calc(100vw - 64px), (max-width:920px) 50vw, 384px	below
ra245/index.html	assets/img/a71ea404-cp_building.jpg.840x605_q90_format-webp-3jRnxO76BK0irQ9i.jpg	a71ea404-cp_building.jpg.840x605_q90_format-webp-3jRnxO76BK0irQ9i	480,840	(max-width:600px) calc(100vw - 64px), (max-width:920px) 50vw, 384px	below
ra245/index.html	assets/img/7f68afe7-picture1-FwHJjEAkyO9ofZgO.png	7f68afe7-picture1-FwHJjEAkyO9ofZgO	480,960,1440	(max-width:600px) calc(100vw - 64px), (max-width:920px) 50vw, 384px	below
ra268/index.html	assets/img/93c20a1d-ra-268-3-rLxzii22duO1nY2I.webp	93c20a1d-ra-268-3-rLxzii22duO1nY2I	480,960,1440,1920	100vw	lcp
ra268/index.html	assets/img/394daec3-picture7-yJlZyMtPsRbzIRG2.jpg	394daec3-picture7-yJlZyMtPsRbzIRG2	480,960,1440,1920	(max-width:600px) calc(100vw - 64px), (max-width:920px) 50vw, 384px	below
ra268/index.html	assets/img/d66370ab-ra-268-2-dhH2XtbGOmoWxnVU.webp	d66370ab-ra-268-2-dhH2XtbGOmoWxnVU	480,960	(max-width:600px) calc(100vw - 64px), (max-width:920px) 50vw, 384px	below
ra268/index.html	assets/img/e351aee3-ra-268-4-Wu2bLK43xSJ5urxS.webp	e351aee3-ra-268-4-Wu2bLK43xSJ5urxS	480,960	(max-width:600px) calc(100vw - 64px), (max-width:920px) 50vw, 384px	below
ra268/index.html	assets/img/a9939c66-ra-268-6-QBNm5JUIezTuRziq.webp	a9939c66-ra-268-6-QBNm5JUIezTuRziq	480,960,1440	(max-width:600px) calc(100vw - 64px), (max-width:920px) 50vw, 384px	below
ra268/index.html	assets/img/7052a929-picture5-oVFkuorgdaBoP7wG.jpg	7052a929-picture5-oVFkuorgdaBoP7wG	480,960,1440,1920	(max-width:600px) calc(100vw - 64px), (max-width:920px) 50vw, 384px	below
ra268/index.html	assets/img/bae72b78-picture1-W4vwzHV6INk9vcdU.jpg	bae72b78-picture1-W4vwzHV6INk9vcdU	480,960,1440,1920	(max-width:600px) calc(100vw - 64px), (max-width:920px) 50vw, 384px	below
ra268/index.html	assets/img/d94013ee-ra-223-2.webp.840x605_q90_format-webp-wn91AMlDvd3d6v4D.jpg	d94013ee-ra-223-2.webp.840x605_q90_format-webp-wn91AMlDvd3d6v4D	480,840	(max-width:600px) calc(100vw - 64px), (max-width:920px) 50vw, 384px	below
ra268/index.html	assets/img/f4c0c323-dji_20251103110756_0012_d-92Vxj3zdtTWTsrX5.JPG	f4c0c323-dji_20251103110756_0012_d-92Vxj3zdtTWTsrX5	480,960,1440	(max-width:600px) calc(100vw - 64px), (max-width:920px) 50vw, 384px	below
ra268/index.html	assets/img/de21a295-owwsc-t-2460879-2023-c1246-2024-cover-0jxo0KTxP9teYyTG.webp	de21a295-owwsc-t-2460879-2023-c1246-2024-cover-0jxo0KTxP9teYyTG	480,960	(max-width:600px) calc(100vw - 64px), (max-width:920px) 50vw, 384px	below
roads-and-bridges-contractor-kuwait/index.html	assets/img/v3/blp/roads-cover.jpg	roads-cover	480,960,1440,1920	100vw	lcp
roads-and-bridges-contractor-kuwait/index.html	assets/img/v3/blp/roads-band.jpg	roads-band	480,960,1440	(max-width:600px) calc(100vw - 64px), (max-width:920px) 50vw, 384px	below
roads-and-bridges-contractor-kuwait/index.html	assets/img/v3/blp/roads-gal-ra245.jpg	roads-gal-ra245	480,960,1200	(max-width:600px) calc(100vw - 64px), (max-width:920px) 50vw, 384px	below
roads-and-bridges-contractor-kuwait/index.html	assets/img/v3/blp/roads-gal-ra259.jpg	roads-gal-ra259	480,960,1200	(max-width:600px) calc(100vw - 64px), (max-width:920px) 50vw, 384px	below
roads-and-bridges-contractor-kuwait/index.html	assets/img/v3/blp/roads-gal-ra200.jpg	roads-gal-ra200	480,960,1200	(max-width:600px) calc(100vw - 64px), (max-width:920px) 50vw, 384px	below
roads-and-bridges-contractor-kuwait/index.html	assets/img/v3/blp/roads-gal-ra126.jpg	roads-gal-ra126	480,960,1200	(max-width:600px) calc(100vw - 64px), (max-width:920px) 50vw, 384px	below
roads-and-bridges-contractor-kuwait/index.html	assets/img/197fcc72-kipic-odtYZVmql3vtss3x.jpg	197fcc72-kipic-odtYZVmql3vtss3x	480,768	(max-width:600px) calc(100vw - 64px), (max-width:920px) 50vw, 384px	below
se19/index.html	assets/img/2366deec-picture8_cedlwly.jpg.840x605_q90_format-webp-OGa0k2qbnEnQDLxU.jpg	2366deec-picture8_cedlwly.jpg.840x605_q90_format-webp-OGa0k2qbnEnQDLxU	480,960,1440,1920	100vw	lcp
se19/index.html	assets/img/9bbfad0c-dsc_1178r_rkdx1zb.jpg.840x605_q90_format-webp-W58YHUvaN3E3cShA.jpg	9bbfad0c-dsc_1178r_rkdx1zb.jpg.840x605_q90_format-webp-W58YHUvaN3E3cShA	480,840	(max-width:600px) calc(100vw - 64px), (max-width:920px) 50vw, 384px	below
se19/index.html	assets/img/885b9cb6-dsc_1162_lqysxco.jpg.840x605_q90_format-webp-iEJL8hvu07O7asii.jpg	885b9cb6-dsc_1162_lqysxco.jpg.840x605_q90_format-webp-iEJL8hvu07O7asii	480,840	(max-width:600px) calc(100vw - 64px), (max-width:920px) 50vw, 384px	below
se19/index.html	assets/img/ebafa7c4-aseeb2-AzGMBDR0pVI82e19.jpg	ebafa7c4-aseeb2-AzGMBDR0pVI82e19	480,750	(max-width:600px) calc(100vw - 64px), (max-width:920px) 50vw, 384px	below
se19/index.html	assets/img/7b226995-03_wide_view-63-w_a14_w89clhh.jpg.840x605_q90_format-webp-LXWyRaJHxY2fgXNZ.jpg	7b226995-03_wide_view-63-w_a14_w89clhh.jpg.840x605_q90_format-webp-LXWyRaJHxY2fgXNZ	480,960,1440,1920	(max-width:600px) calc(100vw - 64px), (max-width:920px) 50vw, 384px	below
se97/index.html	assets/img/dcda89f4-29p3070014_edit-mv0PnjqX85FWp0Za.jpg	dcda89f4-29p3070014_edit-mv0PnjqX85FWp0Za	480,960,1440,1920	100vw	lcp
se97/index.html	assets/img/f61b5023-se-97-cover-mjE412MKzLspGPgN.JPG	f61b5023-se-97-cover-mjE412MKzLspGPgN	480,960,1280	(max-width:600px) calc(100vw - 64px), (max-width:920px) 50vw, 384px	below
se97/index.html	assets/img/c42a9421-36081_15_xf61cvc.jpg.840x605_q90_format-webp-7S3GmvRjythHG9Zm.jpg	c42a9421-36081_15_xf61cvc.jpg.840x605_q90_format-webp-7S3GmvRjythHG9Zm	480,840	(max-width:600px) calc(100vw - 64px), (max-width:920px) 50vw, 384px	below
se97/index.html	assets/img/47dfed8a-aseeb2-AzGMBDR0pVI82e19.jpg	47dfed8a-aseeb2-AzGMBDR0pVI82e19	480,750	(max-width:600px) calc(100vw - 64px), (max-width:920px) 50vw, 384px	below
water-treatment-plant-kuwait/index.html	assets/img/v3/blp/water-cover.jpg	water-cover	480,960,1440,1920	100vw	lcp
water-treatment-plant-kuwait/index.html	assets/img/v3/blp/water-band.jpg	water-band	480,960,1440	(max-width:600px) calc(100vw - 64px), (max-width:920px) 50vw, 384px	below
zorepc0059/index.html	assets/img/7b226995-03_wide_view-63-w_a14_w89clhh.jpg.840x605_q90_format-webp-LXWyRaJHxY2fgXNZ.jpg	7b226995-03_wide_view-63-w_a14_w89clhh.jpg.840x605_q90_format-webp-LXWyRaJHxY2fgXNZ	480,960,1440,1920	100vw	lcp
zorepc0059/index.html	assets/img/85d7dec8-03-wide-view-63-w-a14-_edit-AoP4LGaK03uMlWL7.jpg	85d7dec8-03-wide-view-63-w-a14-_edit-AoP4LGaK03uMlWL7	480,960,1440,1920	(max-width:600px) calc(100vw - 64px), (max-width:920px) 50vw, 384px	below
zorepc0059/index.html	assets/img/cc046857-09_area6-56-sh02_a6_fbizse2.jpg.840x605_q90_format-webp-0RO6IsD2hu8bqk42.jpg	cc046857-09_area6-56-sh02_a6_fbizse2.jpg.840x605_q90_format-webp-0RO6IsD2hu8bqk42	480,840	(max-width:600px) calc(100vw - 64px), (max-width:920px) 50vw, 384px	below
zorepc0059/index.html	assets/img/0fc2cdee-cover_n7xywru.jpg.840x605_q90_format-webp-NI8av8077GLndFcy.jpg	0fc2cdee-cover_n7xywru.jpg.840x605_q90_format-webp-NI8av8077GLndFcy	480,840	(max-width:600px) calc(100vw - 64px), (max-width:920px) 50vw, 384px	below
zorepc0059/index.html	assets/img/a81d58d6-23_area_06_md8hbnc.jpg.840x605_q90_format-webp-g2Q7CKoCChpCImt9.jpg	a81d58d6-23_area_06_md8hbnc.jpg.840x605_q90_format-webp-g2Q7CKoCChpCImt9	480,840	(max-width:600px) calc(100vw - 64px), (max-width:920px) 50vw, 384px	below
zorepc0059/index.html	assets/img/13ac7eb5-gc-32-1-tm_1.webp.840x605_q90_format-webp-SSnO6LBcN7W701xk.jpg	13ac7eb5-gc-32-1-tm_1.webp.840x605_q90_format-webp-SSnO6LBcN7W701xk	480,840	(max-width:600px) calc(100vw - 64px), (max-width:920px) 50vw, 384px	below
zorepc0059/index.html	assets/img/34cd0435-cover-Y4LPw4OJojI7wEje.jpg	34cd0435-cover-Y4LPw4OJojI7wEje	480,960,1440,1920	(max-width:600px) calc(100vw - 64px), (max-width:920px) 50vw, 384px	below
